"BehaviorSpace results (NetLogo 6.4.0)","Stats version 2.0"
"MAS4CHICKEN.nlogo"
"experiment"
"06/02/2024 20:59:20:621 -0500"
"min-pxcor","max-pxcor","min-pycor","max-pycor"
"-12","12","-12","12"
"Cocineros","Meseros","Intervalo-Clientes","[step]","(mean) get-waiting-time","(std) get-waiting-time"
"4","5","20","0","0","0"
"4","5","20","1","73.5","10.032447358446493"
"4","5","20","2","73.5","10.032447358446493"
"4","5","20","3","73.5","10.032447358446493"
"4","5","20","4","73.5","10.032447358446493"
"4","5","20","5","73.5","10.032447358446493"
"4","5","20","6","73.5","10.032447358446493"
"4","5","20","7","73.5","10.032447358446493"
"4","5","20","8","73.5","10.032447358446493"
"4","5","20","9","73.5","10.032447358446493"
"4","5","20","10","73.5","10.032447358446493"
"4","5","20","11","73.5","10.032447358446493"
"4","5","20","12","73.5","10.032447358446493"
"4","5","20","13","73.5","10.032447358446493"
"4","5","20","14","73.5","10.032447358446493"
"4","5","20","15","73.5","10.032447358446493"
"4","5","20","16","73.5","10.032447358446493"
"4","5","20","17","73.5","10.032447358446493"
"4","5","20","18","73.5","10.032447358446493"
"4","5","20","19","73.5","10.032447358446493"
"4","5","20","20","73.5","10.032447358446493"
"4","5","20","21","73.5","10.032447358446493"
"4","5","20","22","73.5","10.032447358446493"
"4","5","20","23","73.5","10.032447358446493"
"4","5","20","24","73.5","10.032447358446493"
"4","5","20","25","73.5","10.032447358446493"
"4","5","20","26","73.5","10.032447358446493"
"4","5","20","27","73.5","10.032447358446493"
"4","5","20","28","73.5","10.032447358446493"
"4","5","20","29","73.5","10.032447358446493"
"4","5","20","30","73.5","10.032447358446493"
"4","5","20","31","73.5","10.032447358446493"
"4","5","20","32","73.5","10.032447358446493"
"4","5","20","33","73.5","10.032447358446493"
"4","5","20","34","73.5","10.032447358446493"
"4","5","20","35","73.5","10.032447358446493"
"4","5","20","36","73.5","10.032447358446493"
"4","5","20","37","73.5","10.032447358446493"
"4","5","20","38","73.5","10.032447358446493"
"4","5","20","39","73.5","10.032447358446493"
"4","5","20","40","73.5","10.032447358446493"
"4","5","20","41","73.5","10.032447358446493"
"4","5","20","42","73.5","10.032447358446493"
"4","5","20","43","73.5","10.032447358446493"
"4","5","20","44","73.5","10.032447358446493"
"4","5","20","45","73.5","10.032447358446493"
"4","5","20","46","73.5","10.032447358446493"
"4","5","20","47","73.5","10.032447358446493"
"4","5","20","48","73.5","10.032447358446493"
"4","5","20","49","73.5","10.032447358446493"
"4","5","20","50","73.5","10.032447358446493"
"4","5","20","51","73.5","10.032447358446493"
"4","5","20","52","73.5","10.032447358446493"
"4","5","20","53","73.5","10.032447358446493"
"4","5","20","54","73.5","10.032447358446493"
"4","5","20","55","73.5","10.032447358446493"
"4","5","20","56","73.5","10.032447358446493"
"4","5","20","57","73.5","10.032447358446493"
"4","5","20","58","73.5","10.032447358446493"
"4","5","20","59","73.5","10.032447358446493"
"4","5","20","60","73.5","10.032447358446493"
"4","5","20","61","73.5","10.032447358446493"
"4","5","20","62","73.5","10.032447358446493"
"4","5","20","63","73.5","10.032447358446493"
"4","5","20","64","73.5","10.032447358446493"
"4","5","20","65","73.5","10.032447358446493"
"4","5","20","66","73.5","10.032447358446493"
"4","5","20","67","73.5","10.032447358446493"
"4","5","20","68","73.5","10.032447358446493"
"4","5","20","69","73.5","10.032447358446493"
"4","5","20","70","73.5","10.032447358446493"
"4","5","20","71","73.5","10.032447358446493"
"4","5","20","72","73.5","10.032447358446493"
"4","5","20","73","73.5","10.032447358446493"
"4","5","20","74","73.5","10.032447358446493"
"4","5","20","75","73.5","10.032447358446493"
"4","5","20","76","73.5","10.032447358446493"
"4","5","20","77","73.5","10.032447358446493"
"4","5","20","78","73.5","10.032447358446493"
"4","5","20","79","73.5","10.032447358446493"
"4","5","20","80","73.5","10.032447358446493"
"4","5","20","81","73.5","10.032447358446493"
"4","5","20","82","73.5","10.032447358446493"
"4","5","20","83","73.5","10.032447358446493"
"4","5","20","84","73.5","10.032447358446493"
"4","5","20","85","73.5","10.032447358446493"
"4","5","20","86","73.5","10.032447358446493"
"4","5","20","87","73.5","10.032447358446493"
"4","5","20","88","73.5","10.032447358446493"
"4","5","20","89","73.5","10.032447358446493"
"4","5","20","90","73.5","10.032447358446493"
"4","5","20","91","73.5","10.032447358446493"
"4","5","20","92","73.5","10.032447358446493"
"4","5","20","93","73.5","10.032447358446493"
"4","5","20","94","73.5","10.032447358446493"
"4","5","20","95","73.5","10.032447358446493"
"4","5","20","96","73.5","10.032447358446493"
"4","5","20","97","73.5","10.032447358446493"
"4","5","20","98","73.5","10.032447358446493"
"4","5","20","99","73.5","10.032447358446493"
"4","5","20","100","73.5","10.032447358446493"
"4","5","20","101","73.5","10.032447358446493"
"4","5","20","102","73.5","10.032447358446493"
"4","5","20","103","73.5","10.032447358446493"
"4","5","20","104","73.5","10.032447358446493"
"4","5","20","105","73.5","10.032447358446493"
"4","5","20","106","73.5","10.032447358446493"
"4","5","20","107","73.5","10.032447358446493"
"4","5","20","108","73.5","10.032447358446493"
"4","5","20","109","73.5","10.032447358446493"
"4","5","20","110","73.5","10.032447358446493"
"4","5","20","111","73.5","10.032447358446493"
"4","5","20","112","73.5","10.032447358446493"
"4","5","20","113","73.5","10.032447358446493"
"4","5","20","114","73.5","10.032447358446493"
"4","5","20","115","73.5","10.032447358446493"
"4","5","20","116","73.5","10.032447358446493"
"4","5","20","117","73.5","10.032447358446493"
"4","5","20","118","73.5","10.032447358446493"
"4","5","20","119","73.5","10.032447358446493"
"4","5","20","120","73.5","10.032447358446493"
"4","5","20","121","73.5","10.032447358446493"
"4","5","20","122","73.5","10.032447358446493"
"4","5","20","123","73.5","10.032447358446493"
"4","5","20","124","73.5","10.032447358446493"
"4","5","20","125","73.5","10.032447358446493"
"4","5","20","126","73.5","10.032447358446493"
"4","5","20","127","73.5","10.032447358446493"
"4","5","20","128","73.5","10.032447358446493"
"4","5","20","129","73.5","10.032447358446493"
"4","5","20","130","73.5","10.032447358446493"
"4","5","20","131","73.5","10.032447358446493"
"4","5","20","132","73.5","10.032447358446493"
"4","5","20","133","73.5","10.032447358446493"
"4","5","20","134","73.5","10.032447358446493"
"4","5","20","135","73.5","10.032447358446493"
"4","5","20","136","73.5","10.032447358446493"
"4","5","20","137","73.5","10.032447358446493"
"4","5","20","138","73.5","10.032447358446493"
"4","5","20","139","73.5","10.032447358446493"
"4","5","20","140","73.5","10.032447358446493"
"4","5","20","141","73.5","10.032447358446493"
"4","5","20","142","73.5","10.032447358446493"
"4","5","20","143","73.5","10.032447358446493"
"4","5","20","144","73.5","10.032447358446493"
"4","5","20","145","73.5","10.032447358446493"
"4","5","20","146","73.5","10.032447358446493"
"4","5","20","147","73.5","10.032447358446493"
"4","5","20","148","73.5","10.032447358446493"
"4","5","20","149","73.5","10.032447358446493"
"4","5","20","150","73.5","10.032447358446493"
"4","5","20","151","73.5","10.032447358446493"
"4","5","20","152","73.5","10.032447358446493"
"4","5","20","153","73.5","10.032447358446493"
"4","5","20","154","73.5","10.032447358446493"
"4","5","20","155","73.5","10.032447358446493"
"4","5","20","156","73.5","10.032447358446493"
"4","5","20","157","73.5","10.032447358446493"
"4","5","20","158","73.5","10.032447358446493"
"4","5","20","159","73.5","10.032447358446493"
"4","5","20","160","73.5","10.032447358446493"
"4","5","20","161","73.5","10.032447358446493"
"4","5","20","162","73.5","10.032447358446493"
"4","5","20","163","73.5","10.032447358446493"
"4","5","20","164","73.5","10.032447358446493"
"4","5","20","165","73.5","10.032447358446493"
"4","5","20","166","73.5","10.032447358446493"
"4","5","20","167","73.5","10.032447358446493"
"4","5","20","168","73.5","10.032447358446493"
"4","5","20","169","73.5","10.032447358446493"
"4","5","20","170","73.5","10.032447358446493"
"4","5","20","171","73.5","10.032447358446493"
"4","5","20","172","73.5","10.032447358446493"
"4","5","20","173","73.5","10.032447358446493"
"4","5","20","174","73.5","10.032447358446493"
"4","5","20","175","73.5","10.032447358446493"
"4","5","20","176","73.5","10.032447358446493"
"4","5","20","177","73.5","10.032447358446493"
"4","5","20","178","73.5","10.032447358446493"
"4","5","20","179","73.5","10.032447358446493"
"4","5","20","180","73.5","10.032447358446493"
"4","5","20","181","73.5","10.032447358446493"
"4","5","20","182","73.5","10.032447358446493"
"4","5","20","183","73.5","10.032447358446493"
"4","5","20","184","73.5","10.032447358446493"
"4","5","20","185","73.5","10.032447358446493"
"4","5","20","186","73.5","10.032447358446493"
"4","5","20","187","73.5","10.032447358446493"
"4","5","20","188","73.5","10.032447358446493"
"4","5","20","189","73.5","10.032447358446493"
"4","5","20","190","73.5","10.032447358446493"
"4","5","20","191","73.5","10.032447358446493"
"4","5","20","192","73.5","10.032447358446493"
"4","5","20","193","73.5","10.032447358446493"
"4","5","20","194","73.5","10.032447358446493"
"4","5","20","195","73.5","10.032447358446493"
"4","5","20","196","73.5","10.032447358446493"
"4","5","20","197","73.5","10.032447358446493"
"4","5","20","198","73.5","10.032447358446493"
"4","5","20","199","73.5","10.032447358446493"
"4","5","20","200","73.5","10.032447358446493"
"4","5","20","201","73.5","10.032447358446493"
"4","5","20","202","73.5","10.032447358446493"
"4","5","20","203","73.5","10.032447358446493"
"4","5","20","204","73.5","10.032447358446493"
"4","5","20","205","73.5","10.032447358446493"
"4","5","20","206","73.5","10.032447358446493"
"4","5","20","207","73.5","10.032447358446493"
"4","5","20","208","73.5","10.032447358446493"
"4","5","20","209","73.5","10.032447358446493"
"4","5","20","210","73.5","10.032447358446493"
"4","5","20","211","73.5","10.032447358446493"
"4","5","20","212","73.5","10.032447358446493"
"4","5","20","213","73.5","10.032447358446493"
"4","5","20","214","73.5","10.032447358446493"
"4","5","20","215","73.5","10.032447358446493"
"4","5","20","216","73.5","10.032447358446493"
"4","5","20","217","73.5","10.032447358446493"
"4","5","20","218","73.5","10.032447358446493"
"4","5","20","219","73.5","10.032447358446493"
"4","5","20","220","73.5","10.032447358446493"
"4","5","20","221","73.5","10.032447358446493"
"4","5","20","222","73.5","10.032447358446493"
"4","5","20","223","73.5","10.032447358446493"
"4","5","20","224","73.5","10.032447358446493"
"4","5","20","225","73.5","10.032447358446493"
"4","5","20","226","73.5","10.032447358446493"
"4","5","20","227","73.5","10.032447358446493"
"4","5","20","228","73.5","10.032447358446493"
"4","5","20","229","73.5","10.032447358446493"
"4","5","20","230","73.5","10.032447358446493"
"4","5","20","231","73.5","10.032447358446493"
"4","5","20","232","73.5","10.032447358446493"
"4","5","20","233","73.5","10.032447358446493"
"4","5","20","234","73.5","10.032447358446493"
"4","5","20","235","73.5","10.032447358446493"
"4","5","20","236","73.5","10.032447358446493"
"4","5","20","237","73.5","10.032447358446493"
"4","5","20","238","73.5","10.032447358446493"
"4","5","20","239","73.5","10.032447358446493"
"4","5","20","240","73.5","10.032447358446493"
"4","5","20","241","73.5","10.032447358446493"
"4","5","20","242","73.5","10.032447358446493"
"4","5","20","243","73.5","10.032447358446493"
"4","5","20","244","73.5","10.032447358446493"
"4","5","20","245","73.5","10.032447358446493"
"4","5","20","246","73.5","10.032447358446493"
"4","5","20","247","73.5","10.032447358446493"
"4","5","20","248","73.5","10.032447358446493"
"4","5","20","249","73.5","10.032447358446493"
"4","5","20","250","73.5","10.032447358446493"
"4","5","20","251","73.5","10.032447358446493"
"4","5","20","252","73.5","10.032447358446493"
"4","5","20","253","73.5","10.032447358446493"
"4","5","20","254","73.5","10.032447358446493"
"4","5","20","255","73.5","10.032447358446493"
"4","5","20","256","73.5","10.032447358446493"
"4","5","20","257","73.5","10.032447358446493"
"4","5","20","258","73.5","10.032447358446493"
"4","5","20","259","73.5","10.032447358446493"
"4","5","20","260","73.5","10.032447358446493"
"4","5","20","261","73.5","10.032447358446493"
"4","5","20","262","73.5","10.032447358446493"
"4","5","20","263","73.5","10.032447358446493"
"4","5","20","264","73.5","10.032447358446493"
"4","5","20","265","73.5","10.032447358446493"
"4","5","20","266","73.5","10.032447358446493"
"4","5","20","267","73.5","10.032447358446493"
"4","5","20","268","73.5","10.032447358446493"
"4","5","20","269","73.5","10.032447358446493"
"4","5","20","270","73.5","10.032447358446493"
"4","5","20","271","73.5","10.032447358446493"
"4","5","20","272","73.5","10.032447358446493"
"4","5","20","273","73.5","10.032447358446493"
"4","5","20","274","73.5","10.032447358446493"
"4","5","20","275","73.5","10.032447358446493"
"4","5","20","276","73.5","10.032447358446493"
"4","5","20","277","73.5","10.032447358446493"
"4","5","20","278","73.5","10.032447358446493"
"4","5","20","279","73.5","10.032447358446493"
"4","5","20","280","73.5","10.032447358446493"
"4","5","20","281","73.5","10.032447358446493"
"4","5","20","282","73.5","10.032447358446493"
"4","5","20","283","73.5","10.032447358446493"
"4","5","20","284","73.5","10.032447358446493"
"4","5","20","285","73.5","10.032447358446493"
"4","5","20","286","73.5","10.032447358446493"
"4","5","20","287","73.5","10.032447358446493"
"4","5","20","288","73.5","10.032447358446493"
"4","5","20","289","73.5","10.032447358446493"
"4","5","20","290","73.5","10.032447358446493"
"4","5","20","291","73.5","10.032447358446493"
"4","5","20","292","73.5","10.032447358446493"
"4","5","20","293","73.5","10.032447358446493"
"4","5","20","294","73.5","10.032447358446493"
"4","5","20","295","73.5","10.032447358446493"
"4","5","20","296","73.5","10.032447358446493"
"4","5","20","297","73.5","10.032447358446493"
"4","5","20","298","73.5","10.032447358446493"
"4","5","20","299","73.5","10.032447358446493"
"4","5","20","300","73.5","10.032447358446493"
"4","5","20","301","73.5","10.032447358446493"
"4","5","20","302","73.5","10.032447358446493"
"4","5","20","303","73.5","10.032447358446493"
"4","5","20","304","73.5","10.032447358446493"
"4","5","20","305","73.5","10.032447358446493"
"4","5","20","306","73.5","10.032447358446493"
"4","5","20","307","73.5","10.032447358446493"
"4","5","20","308","73.5","10.032447358446493"
"4","5","20","309","73.5","10.032447358446493"
"4","5","20","310","73.5","10.032447358446493"
"4","5","20","311","73.5","10.032447358446493"
"4","5","20","312","73.5","10.032447358446493"
"4","5","20","313","73.5","10.032447358446493"
"4","5","20","314","73.5","10.032447358446493"
"4","5","20","315","73.5","10.032447358446493"
"4","5","20","316","73.5","10.032447358446493"
"4","5","20","317","73.5","10.032447358446493"
"4","5","20","318","73.5","10.032447358446493"
"4","5","20","319","73.5","10.032447358446493"
"4","5","20","320","73.5","10.032447358446493"
"4","5","20","321","73.5","10.032447358446493"
"4","5","20","322","73.5","10.032447358446493"
"4","5","20","323","73.5","10.032447358446493"
"4","5","20","324","73.5","10.032447358446493"
"4","5","20","325","73.5","10.032447358446493"
"4","5","20","326","73.5","10.032447358446493"
"4","5","20","327","73.5","10.032447358446493"
"4","5","20","328","73.5","10.032447358446493"
"4","5","20","329","73.5","10.032447358446493"
"4","5","20","330","73.5","10.032447358446493"
"4","5","20","331","73.5","10.032447358446493"
"4","5","20","332","73.5","10.032447358446493"
"4","5","20","333","73.5","10.032447358446493"
"4","5","20","334","73.5","10.032447358446493"
"4","5","20","335","73.5","10.032447358446493"
"4","5","20","336","73.5","10.032447358446493"
"4","5","20","337","73.5","10.032447358446493"
"4","5","20","338","73.5","10.032447358446493"
"4","5","20","339","73.5","10.032447358446493"
"4","5","20","340","73.5","10.032447358446493"
"4","5","20","341","73.5","10.032447358446493"
"4","5","20","342","73.5","10.032447358446493"
"4","5","20","343","73.5","10.032447358446493"
"4","5","20","344","73.5","10.032447358446493"
"4","5","20","345","73.5","10.032447358446493"
"4","5","20","346","73.5","10.032447358446493"
"4","5","20","347","73.5","10.032447358446493"
"4","5","20","348","73.5","10.032447358446493"
"4","5","20","349","73.5","10.032447358446493"
"4","5","20","350","73.5","10.032447358446493"
"4","5","20","351","73.5","10.032447358446493"
"4","5","20","352","73.5","10.032447358446493"
"4","5","20","353","73.5","10.032447358446493"
"4","5","20","354","73.5","10.032447358446493"
"4","5","20","355","73.5","10.032447358446493"
"4","5","20","356","73.5","10.032447358446493"
"4","5","20","357","73.5","10.032447358446493"
"4","5","20","358","73.5","10.032447358446493"
"4","5","20","359","73.5","10.032447358446493"
"4","5","20","360","73.5","10.032447358446493"
"4","5","20","361","73.5","10.032447358446493"
"4","5","20","362","73.5","10.032447358446493"
"4","5","20","363","73.5","10.032447358446493"
"4","5","20","364","73.5","10.032447358446493"
"4","5","20","365","73.5","10.032447358446493"
"4","5","20","366","73.5","10.032447358446493"
"4","5","20","367","73.5","10.032447358446493"
"4","5","20","368","73.5","10.032447358446493"
"4","5","20","369","73.5","10.032447358446493"
"4","5","20","370","73.5","10.032447358446493"
"4","5","20","371","73.5","10.032447358446493"
"4","5","20","372","73.5","10.032447358446493"
"4","5","20","373","73.5","10.032447358446493"
"4","5","20","374","73.5","10.032447358446493"
"4","5","20","375","73.5","10.032447358446493"
"4","5","20","376","73.5","10.032447358446493"
"4","5","20","377","73.5","10.032447358446493"
"4","5","20","378","73.5","10.032447358446493"
"4","5","20","379","73.5","10.032447358446493"
"4","5","20","380","73.5","10.032447358446493"
"4","5","20","381","73.5","10.032447358446493"
"4","5","20","382","73.5","10.032447358446493"
"4","5","20","383","73.5","10.032447358446493"
"4","5","20","384","73.5","10.032447358446493"
"4","5","20","385","73.5","10.032447358446493"
"4","5","20","386","73.5","10.032447358446493"
"4","5","20","387","73.5","10.032447358446493"
"4","5","20","388","73.5","10.032447358446493"
"4","5","20","389","73.5","10.032447358446493"
"4","5","20","390","73.5","10.032447358446493"
"4","5","20","391","73.5","10.032447358446493"
"4","5","20","392","73.5","10.032447358446493"
"4","5","20","393","73.5","10.032447358446493"
"4","5","20","394","73.5","10.032447358446493"
"4","5","20","395","73.5","10.032447358446493"
"4","5","20","396","73.5","10.032447358446493"
"4","5","20","397","73.5","10.032447358446493"
"4","5","20","398","73.5","10.032447358446493"
"4","5","20","399","73.5","10.032447358446493"
"4","5","20","400","73.5","10.032447358446493"
"4","5","20","401","73.5","10.032447358446493"
"4","5","20","402","73.5","10.032447358446493"
"4","5","20","403","73.5","10.032447358446493"
"4","5","20","404","73.5","10.032447358446493"
"4","5","20","405","73.5","10.032447358446493"
"4","5","20","406","73.5","10.032447358446493"
"4","5","20","407","73.5","10.032447358446493"
"4","5","20","408","73.5","10.032447358446493"
"4","5","20","409","73.5","10.032447358446493"
"4","5","20","410","73.5","10.032447358446493"
"4","5","20","411","73.5","10.032447358446493"
"4","5","20","412","73.5","10.032447358446493"
"4","5","20","413","73.5","10.032447358446493"
"4","5","20","414","73.5","10.032447358446493"
"4","5","20","415","73.5","10.032447358446493"
"4","5","20","416","73.5","10.032447358446493"
"4","5","20","417","73.5","10.032447358446493"
"4","5","20","418","73.5","10.032447358446493"
"4","5","20","419","73.5","10.032447358446493"
"4","5","20","420","73.5","10.032447358446493"
"4","5","20","421","73.5","10.032447358446493"
"4","5","20","422","73.5","10.032447358446493"
"4","5","20","423","73.5","10.032447358446493"
"4","5","20","424","73.5","10.032447358446493"
"4","5","20","425","73.5","10.032447358446493"
"4","5","20","426","73.5","10.032447358446493"
"4","5","20","427","73.5","10.032447358446493"
"4","5","20","428","73.5","10.032447358446493"
"4","5","20","429","73.5","10.032447358446493"
"4","5","20","430","73.5","10.032447358446493"
"4","5","20","431","73.5","10.032447358446493"
"4","5","20","432","73.5","10.032447358446493"
"4","5","20","433","73.5","10.032447358446493"
"4","5","20","434","73.5","10.032447358446493"
"4","5","20","435","73.5","10.032447358446493"
"4","5","20","436","73.5","10.032447358446493"
"4","5","20","437","73.5","10.032447358446493"
"4","5","20","438","73.5","10.032447358446493"
"4","5","20","439","73.5","10.032447358446493"
"4","5","20","440","73.5","10.032447358446493"
"4","5","20","441","73.5","10.032447358446493"
"4","5","20","442","73.5","10.032447358446493"
"4","5","20","443","73.5","10.032447358446493"
"4","5","20","444","73.5","10.032447358446493"
"4","5","20","445","73.5","10.032447358446493"
"4","5","20","446","73.5","10.032447358446493"
"4","5","20","447","73.5","10.032447358446493"
"4","5","20","448","73.5","10.032447358446493"
"4","5","20","449","73.5","10.032447358446493"
"4","5","20","450","73.5","10.032447358446493"
"4","5","20","451","73.5","10.032447358446493"
"4","5","20","452","73.5","10.032447358446493"
"4","5","20","453","73.5","10.032447358446493"
"4","5","20","454","73.5","10.032447358446493"
"4","5","20","455","73.5","10.032447358446493"
"4","5","20","456","73.5","10.032447358446493"
"4","5","20","457","73.5","10.032447358446493"
"4","5","20","458","73.5","10.032447358446493"
"4","5","20","459","73.5","10.032447358446493"
"4","5","20","460","73.5","10.032447358446493"
"4","5","20","461","73.5","10.032447358446493"
"4","5","20","462","73.5","10.032447358446493"
"4","5","20","463","73.5","10.032447358446493"
"4","5","20","464","73.5","10.032447358446493"
"4","5","20","465","73.5","10.032447358446493"
"4","5","20","466","73.5","10.032447358446493"
"4","5","20","467","73.5","10.032447358446493"
"4","5","20","468","73.5","10.032447358446493"
"4","5","20","469","73.5","10.032447358446493"
"4","5","20","470","73.5","10.032447358446493"
"4","5","20","471","73.5","10.032447358446493"
"4","5","20","472","73.5","10.032447358446493"
"4","5","20","473","73.5","10.032447358446493"
"4","5","20","474","73.5","10.032447358446493"
"4","5","20","475","73.5","10.032447358446493"
"4","5","20","476","73.5","10.032447358446493"
"4","5","20","477","73.5","10.032447358446493"
"4","5","20","478","73.5","10.032447358446493"
"4","5","20","479","73.5","10.032447358446493"
"4","5","20","480","73.5","10.032447358446493"
"4","5","20","481","73.5","10.032447358446493"
"4","5","20","482","73.5","10.032447358446493"
"4","5","20","483","73.5","10.032447358446493"
"4","5","20","484","73.5","10.032447358446493"
"4","5","20","485","73.5","10.032447358446493"
"4","5","20","486","73.5","10.032447358446493"
"4","5","20","487","73.5","10.032447358446493"
"4","5","20","488","73.5","10.032447358446493"
"4","5","20","489","73.5","10.032447358446493"
"4","5","20","490","73.5","10.032447358446493"
"4","5","20","491","73.5","10.032447358446493"
"4","5","20","492","73.5","10.032447358446493"
"4","5","20","493","73.5","10.032447358446493"
"4","5","20","494","73.5","10.032447358446493"
"4","5","20","495","73.5","10.032447358446493"
"4","5","20","496","73.5","10.032447358446493"
"4","5","20","497","73.5","10.032447358446493"
"4","5","20","498","73.5","10.032447358446493"
"4","5","20","499","73.5","10.032447358446493"
"4","5","20","500","73.5","10.032447358446493"
"4","5","20","501","73.5","10.032447358446493"
"4","5","20","502","73.5","10.032447358446493"
"4","5","20","503","73.5","10.032447358446493"
"4","5","20","504","73.5","10.032447358446493"
"4","5","20","505","73.5","10.032447358446493"
"4","5","20","506","73.5","10.032447358446493"
"4","5","20","507","73.5","10.032447358446493"
"4","5","20","508","73.5","10.032447358446493"
"4","5","20","509","73.5","10.032447358446493"
"4","5","20","510","73.5","10.032447358446493"
"4","5","20","511","73.5","10.032447358446493"
"4","5","20","512","73.5","10.032447358446493"
"4","5","20","513","73.5","10.032447358446493"
"4","5","20","514","73.5","10.032447358446493"
"4","5","20","515","73.5","10.032447358446493"
"4","5","20","516","73.5","10.032447358446493"
"4","5","20","517","73.5","10.032447358446493"
"4","5","20","518","73.5","10.032447358446493"
"4","5","20","519","73.5","10.032447358446493"
"4","5","20","520","73.5","10.032447358446493"
"4","5","20","521","73.5","10.032447358446493"
"4","5","20","522","73.5","10.032447358446493"
"4","5","20","523","73.5","10.032447358446493"
"4","5","20","524","73.5","10.032447358446493"
"4","5","20","525","73.5","10.032447358446493"
"4","5","20","526","73.5","10.032447358446493"
"4","5","20","527","73.5","10.032447358446493"
"4","5","20","528","73.5","10.032447358446493"
"4","5","20","529","73.5","10.032447358446493"
"4","5","20","530","73.5","10.032447358446493"
"4","5","20","531","73.5","10.032447358446493"
"4","5","20","532","73.5","10.032447358446493"
"4","5","20","533","73.5","10.032447358446493"
"4","5","20","534","73.5","10.032447358446493"
"4","5","20","535","73.5","10.032447358446493"
"4","5","20","536","73.5","10.032447358446493"
"4","5","20","537","73.5","10.032447358446493"
"4","5","20","538","73.5","10.032447358446493"
"4","5","20","539","73.5","10.032447358446493"
"4","5","20","540","73.5","10.032447358446493"
"4","5","20","541","73.5","10.032447358446493"
"4","5","20","542","73.5","10.032447358446493"
"4","5","20","543","73.5","10.032447358446493"
"4","5","20","544","73.5","10.032447358446493"
"4","5","20","545","73.5","10.032447358446493"
"4","5","20","546","73.5","10.032447358446493"
"4","5","20","547","73.5","10.032447358446493"
"4","5","20","548","73.5","10.032447358446493"
"4","5","20","549","73.5","10.032447358446493"
"4","5","20","550","73.5","10.032447358446493"
"4","5","20","551","73.5","10.032447358446493"
"4","5","20","552","73.5","10.032447358446493"
"4","5","20","553","73.5","10.032447358446493"
"4","5","20","554","73.5","10.032447358446493"
"4","5","20","555","73.5","10.032447358446493"
"4","5","20","556","73.5","10.032447358446493"
"4","5","20","557","73.5","10.032447358446493"
"4","5","20","558","73.5","10.032447358446493"
"4","5","20","559","73.5","10.032447358446493"
"4","5","20","560","73.5","10.032447358446493"
"4","5","20","561","73.5","10.032447358446493"
"4","5","20","562","73.5","10.032447358446493"
"4","5","20","563","73.5","10.032447358446493"
"4","5","20","564","73.5","10.032447358446493"
"4","5","20","565","73.5","10.032447358446493"
"4","5","20","566","73.5","10.032447358446493"
"4","5","20","567","73.5","10.032447358446493"
"4","5","20","568","73.5","10.032447358446493"
"4","5","20","569","73.5","10.032447358446493"
"4","5","20","570","73.5","10.032447358446493"
"4","5","20","571","73.5","10.032447358446493"
"4","5","20","572","73.5","10.032447358446493"
"4","5","20","573","73.5","10.032447358446493"
"4","5","20","574","73.5","10.032447358446493"
"4","5","20","575","73.5","10.032447358446493"
"4","5","20","576","73.5","10.032447358446493"
"4","5","20","577","73.5","10.032447358446493"
"4","5","20","578","73.5","10.032447358446493"
"4","5","20","579","73.5","10.032447358446493"
"4","5","20","580","73.5","10.032447358446493"
"4","5","20","581","73.5","10.032447358446493"
"4","5","20","582","73.5","10.032447358446493"
"4","5","20","583","73.5","10.032447358446493"
"4","5","20","584","73.5","10.032447358446493"
"4","5","20","585","73.5","10.032447358446493"
"4","5","20","586","73.5","10.032447358446493"
"4","5","20","587","73.5","10.032447358446493"
"4","5","20","588","73.5","10.032447358446493"
"4","5","20","589","73.5","10.032447358446493"
"4","5","20","590","73.5","10.032447358446493"
"4","5","20","591","73.5","10.032447358446493"
"4","5","20","592","73.5","10.032447358446493"
"4","5","20","593","73.5","10.032447358446493"
"4","5","20","594","73.5","10.032447358446493"
"4","5","20","595","73.5","10.032447358446493"
"4","5","20","596","73.5","10.032447358446493"
"4","5","20","597","73.5","10.032447358446493"
"4","5","20","598","73.5","10.032447358446493"
"4","5","20","599","73.5","10.032447358446493"
"4","5","20","600","73.5","10.032447358446493"
"4","5","20","601","73.5","10.032447358446493"
"4","5","20","602","73.5","10.032447358446493"
"4","5","20","603","73.5","10.032447358446493"
"4","5","20","604","73.5","10.032447358446493"
"4","5","20","605","73.5","10.032447358446493"
"4","5","20","606","73.5","10.032447358446493"
"4","5","20","607","73.5","10.032447358446493"
"4","5","20","608","73.5","10.032447358446493"
"4","5","20","609","73.5","10.032447358446493"
"4","5","20","610","73.5","10.032447358446493"
"4","5","20","611","73.5","10.032447358446493"
"4","5","20","612","73.5","10.032447358446493"
"4","5","20","613","73.5","10.032447358446493"
"4","5","20","614","73.5","10.032447358446493"
"4","5","20","615","73.5","10.032447358446493"
"4","5","20","616","73.5","10.032447358446493"
"4","5","20","617","73.5","10.032447358446493"
"4","5","20","618","73.5","10.032447358446493"
"4","5","20","619","73.5","10.032447358446493"
"4","5","20","620","73.5","10.032447358446493"
"4","5","20","621","73.5","10.032447358446493"
"4","5","20","622","73.5","10.032447358446493"
"4","5","20","623","73.5","10.032447358446493"
"4","5","20","624","73.5","10.032447358446493"
"4","5","20","625","73.5","10.032447358446493"
"4","5","20","626","73.5","10.032447358446493"
"4","5","20","627","73.5","10.032447358446493"
"4","5","20","628","73.5","10.032447358446493"
"4","5","20","629","73.5","10.032447358446493"
"4","5","20","630","73.5","10.032447358446493"
"4","5","20","631","73.5","10.032447358446493"
"4","5","20","632","73.5","10.032447358446493"
"4","5","20","633","73.5","10.032447358446493"
"4","5","20","634","73.5","10.032447358446493"
"4","5","20","635","73.5","10.032447358446493"
"4","5","20","636","73.5","10.032447358446493"
"4","5","20","637","73.5","10.032447358446493"
"4","5","20","638","73.5","10.032447358446493"
"4","5","20","639","73.5","10.032447358446493"
"4","5","20","640","73.5","10.032447358446493"
"4","5","20","641","73.5","10.032447358446493"
"4","5","20","642","73.5","10.032447358446493"
"4","5","20","643","73.5","10.032447358446493"
"4","5","20","644","73.5","10.032447358446493"
"4","5","20","645","73.5","10.032447358446493"
"4","5","20","646","73.5","10.032447358446493"
"4","5","20","647","73.5","10.032447358446493"
"4","5","20","648","73.5","10.032447358446493"
"4","5","20","649","73.5","10.032447358446493"
"4","5","20","650","73.5","10.032447358446493"
"4","5","20","651","73.5","10.032447358446493"
"4","5","20","652","73.5","10.032447358446493"
"4","5","20","653","73.5","10.032447358446493"
"4","5","20","654","73.5","10.032447358446493"
"4","5","20","655","73.5","10.032447358446493"
"4","5","20","656","73.5","10.032447358446493"
"4","5","20","657","73.5","10.032447358446493"
"4","5","20","658","73.5","10.032447358446493"
"4","5","20","659","73.5","10.032447358446493"
"4","5","20","660","73.5","10.032447358446493"
"4","5","20","661","73.5","10.032447358446493"
"4","5","20","662","73.5","10.032447358446493"
"4","5","20","663","73.5","10.032447358446493"
"4","5","20","664","73.5","10.032447358446493"
"4","5","20","665","73.5","10.032447358446493"
"4","5","20","666","73.5","10.032447358446493"
"4","5","20","667","73.5","10.032447358446493"
"4","5","20","668","73.5","10.032447358446493"
"4","5","20","669","73.5","10.032447358446493"
"4","5","20","670","73.5","10.032447358446493"
"4","5","20","671","73.5","10.032447358446493"
"4","5","20","672","73.5","10.032447358446493"
"4","5","20","673","73.5","10.032447358446493"
"4","5","20","674","73.5","10.032447358446493"
"4","5","20","675","73.5","10.032447358446493"
"4","5","20","676","73.5","10.032447358446493"
"4","5","20","677","73.5","10.032447358446493"
"4","5","20","678","73.5","10.032447358446493"
"4","5","20","679","73.5","10.032447358446493"
"4","5","20","680","73.5","10.032447358446493"
"4","5","20","681","73.5","10.032447358446493"
"4","5","20","682","73.5","10.032447358446493"
"4","5","20","683","73.5","10.032447358446493"
"4","5","20","684","73.5","10.032447358446493"
"4","5","20","685","73.5","10.032447358446493"
"4","5","20","686","73.5","10.032447358446493"
"4","5","20","687","73.5","10.032447358446493"
"4","5","20","688","73.5","10.032447358446493"
"4","5","20","689","73.5","10.032447358446493"
"4","5","20","690","73.5","10.032447358446493"
"4","5","20","691","73.5","10.032447358446493"
"4","5","20","692","73.5","10.032447358446493"
"4","5","20","693","73.5","10.032447358446493"
"4","5","20","694","73.5","10.032447358446493"
"4","5","20","695","73.5","10.032447358446493"
"4","5","20","696","73.5","10.032447358446493"
"4","5","20","697","73.5","10.032447358446493"
"4","5","20","698","73.5","10.032447358446493"
"4","5","20","699","73.5","10.032447358446493"
"4","5","20","700","73.5","10.032447358446493"
"4","5","20","701","73.5","10.032447358446493"
"4","5","20","702","73.5","10.032447358446493"
"4","5","20","703","73.5","10.032447358446493"
"4","5","20","704","73.5","10.032447358446493"
"4","5","20","705","73.5","10.032447358446493"
"4","5","20","706","73.5","10.032447358446493"
"4","5","20","707","73.5","10.032447358446493"
"4","5","20","708","73.5","10.032447358446493"
"4","5","20","709","73.5","10.032447358446493"
"4","5","20","710","73.5","10.032447358446493"
"4","5","20","711","73.5","10.032447358446493"
"4","5","20","712","73.5","10.032447358446493"
"4","5","20","713","73.5","10.032447358446493"
"4","5","20","714","73.5","10.032447358446493"
"4","5","20","715","73.5","10.032447358446493"
"4","5","20","716","73.5","10.032447358446493"
"4","5","20","717","73.5","10.032447358446493"
"4","5","20","718","73.5","10.032447358446493"
"4","5","20","719","73.5","10.032447358446493"
"4","5","20","720","73.5","10.032447358446493"
"4","5","20","721","73.5","10.032447358446493"
"4","5","20","722","73.5","10.032447358446493"
"4","5","20","723","73.5","10.032447358446493"
"4","5","20","724","73.5","10.032447358446493"
"4","5","20","725","73.5","10.032447358446493"
"4","5","20","726","73.5","10.032447358446493"
"4","5","20","727","73.5","10.032447358446493"
"4","5","20","728","73.5","10.032447358446493"
"4","5","20","729","73.5","10.032447358446493"
"4","5","20","730","73.5","10.032447358446493"
"4","5","20","731","73.5","10.032447358446493"
"4","5","20","732","73.5","10.032447358446493"
"4","5","20","733","73.5","10.032447358446493"
"4","5","20","734","73.5","10.032447358446493"
"4","5","20","735","73.5","10.032447358446493"
"4","5","20","736","73.5","10.032447358446493"
"4","5","20","737","73.5","10.032447358446493"
"4","5","20","738","73.5","10.032447358446493"
"4","5","20","739","73.5","10.032447358446493"
"4","5","20","740","73.5","10.032447358446493"
"4","5","20","741","73.5","10.032447358446493"
"4","5","20","742","73.5","10.032447358446493"
"4","5","20","743","73.5","10.032447358446493"
"4","5","20","744","73.5","10.032447358446493"
"4","5","20","745","73.5","10.032447358446493"
"4","5","20","746","73.5","10.032447358446493"
"4","5","20","747","73.5","10.032447358446493"
"4","5","20","748","73.5","10.032447358446493"
"4","5","20","749","73.5","10.032447358446493"
"4","5","20","750","73.5","10.032447358446493"
"4","5","20","751","73.5","10.032447358446493"
"4","5","20","752","73.5","10.032447358446493"
"4","5","20","753","73.5","10.032447358446493"
"4","5","20","754","73.5","10.032447358446493"
"4","5","20","755","73.5","10.032447358446493"
"4","5","20","756","73.5","10.032447358446493"
"4","5","20","757","73.5","10.032447358446493"
"4","5","20","758","73.5","10.032447358446493"
"4","5","20","759","73.5","10.032447358446493"
"4","5","20","760","73.5","10.032447358446493"
"4","5","20","761","73.5","10.032447358446493"
"4","5","20","762","73.5","10.032447358446493"
"4","5","20","763","73.5","10.032447358446493"
"4","5","20","764","73.5","10.032447358446493"
"4","5","20","765","73.5","10.032447358446493"
"4","5","20","766","73.5","10.032447358446493"
"4","5","20","767","73.5","10.032447358446493"
"4","5","20","768","73.5","10.032447358446493"
"4","5","20","769","73.5","10.032447358446493"
"4","5","20","770","73.5","10.032447358446493"
"4","5","20","771","73.5","10.032447358446493"
"4","5","20","772","73.5","10.032447358446493"
"4","5","20","773","73.5","10.032447358446493"
"4","5","20","774","73.5","10.032447358446493"
"4","5","20","775","73.5","10.032447358446493"
"4","5","20","776","73.5","10.032447358446493"
"4","5","20","777","73.5","10.032447358446493"
"4","5","20","778","73.5","10.032447358446493"
"4","5","20","779","73.5","10.032447358446493"
"4","5","20","780","73.5","10.032447358446493"
"4","5","20","781","73.5","10.032447358446493"
"4","5","20","782","73.5","10.032447358446493"
"4","5","20","783","73.5","10.032447358446493"
"4","5","20","784","73.5","10.032447358446493"
"4","5","20","785","73.5","10.032447358446493"
"4","5","20","786","73.5","10.032447358446493"
"4","5","20","787","73.5","10.032447358446493"
"4","5","20","788","73.5","10.032447358446493"
"4","5","20","789","73.5","10.032447358446493"
"4","5","20","790","73.5","10.032447358446493"
"4","5","20","791","73.5","10.032447358446493"
"4","5","20","792","73.5","10.032447358446493"
"4","5","20","793","73.5","10.032447358446493"
"4","5","20","794","73.5","10.032447358446493"
"4","5","20","795","73.5","10.032447358446493"
"4","5","20","796","73.5","10.032447358446493"
"4","5","20","797","73.5","10.032447358446493"
"4","5","20","798","73.5","10.032447358446493"
"4","5","20","799","73.5","10.032447358446493"
"4","5","20","800","73.5","10.032447358446493"
"4","5","20","801","73.5","10.032447358446493"
"4","5","20","802","73.5","10.032447358446493"
"4","5","20","803","73.5","10.032447358446493"
"4","5","20","804","73.5","10.032447358446493"
"4","5","20","805","73.5","10.032447358446493"
"4","5","20","806","73.5","10.032447358446493"
"4","5","20","807","73.5","10.032447358446493"
"4","5","20","808","73.5","10.032447358446493"
"4","5","20","809","73.5","10.032447358446493"
"4","5","20","810","73.5","10.032447358446493"
"4","5","20","811","73.5","10.032447358446493"
"4","5","20","812","73.5","10.032447358446493"
"4","5","20","813","73.5","10.032447358446493"
"4","5","20","814","73.5","10.032447358446493"
"4","5","20","815","73.5","10.032447358446493"
"4","5","20","816","73.5","10.032447358446493"
"4","5","20","817","73.5","10.032447358446493"
"4","5","20","818","73.5","10.032447358446493"
"4","5","20","819","73.5","10.032447358446493"
"4","5","20","820","73.5","10.032447358446493"
"4","5","20","821","73.5","10.032447358446493"
"4","5","20","822","73.5","10.032447358446493"
"4","5","20","823","73.5","10.032447358446493"
"4","5","20","824","73.5","10.032447358446493"
"4","5","20","825","73.5","10.032447358446493"
"4","5","20","826","73.5","10.032447358446493"
"4","5","20","827","73.5","10.032447358446493"
"4","5","20","828","73.5","10.032447358446493"
"4","5","20","829","73.5","10.032447358446493"
"4","5","20","830","73.5","10.032447358446493"
"4","5","20","831","73.5","10.032447358446493"
"4","5","20","832","73.5","10.032447358446493"
"4","5","20","833","73.5","10.032447358446493"
"4","5","20","834","73.5","10.032447358446493"
"4","5","20","835","73.5","10.032447358446493"
"4","5","20","836","73.5","10.032447358446493"
"4","5","20","837","73.5","10.032447358446493"
"4","5","20","838","73.5","10.032447358446493"
"4","5","20","839","73.5","10.032447358446493"
"4","5","20","840","73.5","10.032447358446493"
"4","5","20","841","73.5","10.032447358446493"
"4","5","20","842","73.5","10.032447358446493"
"4","5","20","843","73.5","10.032447358446493"
"4","5","20","844","73.5","10.032447358446493"
"4","5","20","845","73.5","10.032447358446493"
"4","5","20","846","73.5","10.032447358446493"
"4","5","20","847","73.5","10.032447358446493"
"4","5","20","848","73.5","10.032447358446493"
"4","5","20","849","73.5","10.032447358446493"
"4","5","20","850","73.5","10.032447358446493"
"4","5","20","851","73.5","10.032447358446493"
"4","5","20","852","73.5","10.032447358446493"
"4","5","20","853","73.5","10.032447358446493"
"4","5","20","854","73.5","10.032447358446493"
"4","5","20","855","73.5","10.032447358446493"
"4","5","20","856","73.5","10.032447358446493"
"4","5","20","857","73.5","10.032447358446493"
"4","5","20","858","73.5","10.032447358446493"
"4","5","20","859","73.5","10.032447358446493"
"4","5","20","860","73.5","10.032447358446493"
"4","5","20","861","73.5","10.032447358446493"
"4","5","20","862","73.5","10.032447358446493"
"4","5","20","863","73.5","10.032447358446493"
"4","5","20","864","73.5","10.032447358446493"
"4","5","20","865","73.5","10.032447358446493"
"4","5","20","866","73.5","10.032447358446493"
"4","5","20","867","73.5","10.032447358446493"
"4","5","20","868","73.5","10.032447358446493"
"4","5","20","869","73.5","10.032447358446493"
"4","5","20","870","73.5","10.032447358446493"
"4","5","20","871","73.5","10.032447358446493"
"4","5","20","872","73.5","10.032447358446493"
"4","5","20","873","73.5","10.032447358446493"
"4","5","20","874","73.5","10.032447358446493"
"4","5","20","875","73.5","10.032447358446493"
"4","5","20","876","73.5","10.032447358446493"
"4","5","20","877","73.5","10.032447358446493"
"4","5","20","878","73.5","10.032447358446493"
"4","5","20","879","73.5","10.032447358446493"
"4","5","20","880","73.5","10.032447358446493"
"4","5","20","881","73.5","10.032447358446493"
"4","5","20","882","73.5","10.032447358446493"
"4","5","20","883","73.5","10.032447358446493"
"4","5","20","884","73.5","10.032447358446493"
"4","5","20","885","73.5","10.032447358446493"
"4","5","20","886","73.5","10.032447358446493"
"4","5","20","887","73.5","10.032447358446493"
"4","5","20","888","73.5","10.032447358446493"
"4","5","20","889","73.5","10.032447358446493"
"4","5","20","890","73.5","10.032447358446493"
"4","5","20","891","73.5","10.032447358446493"
"4","5","20","892","73.5","10.032447358446493"
"4","5","20","893","73.5","10.032447358446493"
"4","5","20","894","73.5","10.032447358446493"
"4","5","20","895","73.5","10.032447358446493"
"4","5","20","896","73.5","10.032447358446493"
"4","5","20","897","73.5","10.032447358446493"
"4","5","20","898","73.5","10.032447358446493"
"4","5","20","899","73.5","10.032447358446493"
"4","5","20","900","73.5","10.032447358446493"
"4","5","20","901","73.5","10.032447358446493"
"4","5","20","902","73.5","10.032447358446493"
"4","5","20","903","73.5","10.032447358446493"
"4","5","20","904","73.5","10.032447358446493"
"4","5","20","905","73.5","10.032447358446493"
"4","5","20","906","73.5","10.032447358446493"
"4","5","20","907","73.5","10.032447358446493"
"4","5","20","908","73.5","10.032447358446493"
"4","5","20","909","73.5","10.032447358446493"
"4","5","20","910","73.5","10.032447358446493"
"4","5","20","911","73.5","10.032447358446493"
"4","5","20","912","73.5","10.032447358446493"
"4","5","20","913","73.5","10.032447358446493"
"4","5","20","914","73.5","10.032447358446493"
"4","5","20","915","73.5","10.032447358446493"
"4","5","20","916","73.5","10.032447358446493"
"4","5","20","917","73.5","10.032447358446493"
"4","5","20","918","73.5","10.032447358446493"
"4","5","20","919","73.5","10.032447358446493"
"4","5","20","920","73.5","10.032447358446493"
"4","5","20","921","73.5","10.032447358446493"
"4","5","20","922","73.5","10.032447358446493"
"4","5","20","923","73.5","10.032447358446493"
"4","5","20","924","73.5","10.032447358446493"
"4","5","20","925","73.5","10.032447358446493"
"4","5","20","926","73.5","10.032447358446493"
"4","5","20","927","73.5","10.032447358446493"
"4","5","20","928","73.5","10.032447358446493"
"4","5","20","929","73.5","10.032447358446493"
"4","5","20","930","73.5","10.032447358446493"
"4","5","20","931","73.5","10.032447358446493"
"4","5","20","932","73.5","10.032447358446493"
"4","5","20","933","73.5","10.032447358446493"
"4","5","20","934","73.5","10.032447358446493"
"4","5","20","935","73.5","10.032447358446493"
"4","5","20","936","73.5","10.032447358446493"
"4","5","20","937","73.5","10.032447358446493"
"4","5","20","938","73.5","10.032447358446493"
"4","5","20","939","73.5","10.032447358446493"
"4","5","20","940","73.5","10.032447358446493"
"4","5","20","941","73.5","10.032447358446493"
"4","5","20","942","73.5","10.032447358446493"
"4","5","20","943","73.5","10.032447358446493"
"4","5","20","944","73.5","10.032447358446493"
"4","5","20","945","73.5","10.032447358446493"
"4","5","20","946","73.5","10.032447358446493"
"4","5","20","947","73.5","10.032447358446493"
"4","5","20","948","73.5","10.032447358446493"
"4","5","20","949","73.5","10.032447358446493"
"4","5","20","950","73.5","10.032447358446493"
"4","5","20","951","73.5","10.032447358446493"
"4","5","20","952","73.5","10.032447358446493"
"4","5","20","953","73.5","10.032447358446493"
"4","5","20","954","73.5","10.032447358446493"
"4","5","20","955","73.5","10.032447358446493"
"4","5","20","956","73.5","10.032447358446493"
"4","5","20","957","73.5","10.032447358446493"
"4","5","20","958","73.5","10.032447358446493"
"4","5","20","959","73.5","10.032447358446493"
"4","5","20","960","73.5","10.032447358446493"
"4","5","20","961","73.5","10.032447358446493"
"4","5","20","962","73.5","10.032447358446493"
"4","5","20","963","73.5","10.032447358446493"
"4","5","20","964","73.5","10.032447358446493"
"4","5","20","965","73.5","10.032447358446493"
"4","5","20","966","73.5","10.032447358446493"
"4","5","20","967","73.5","10.032447358446493"
"4","5","20","968","73.5","10.032447358446493"
"4","5","20","969","73.5","10.032447358446493"
"4","5","20","970","73.5","10.032447358446493"
"4","5","20","971","73.5","10.032447358446493"
"4","5","20","972","73.5","10.032447358446493"
"4","5","20","973","73.5","10.032447358446493"
"4","5","20","974","73.5","10.032447358446493"
"4","5","20","975","73.5","10.032447358446493"
"4","5","20","976","73.5","10.032447358446493"
"4","5","20","977","73.5","10.032447358446493"
"4","5","20","978","73.5","10.032447358446493"
"4","5","20","979","73.5","10.032447358446493"
"4","5","20","980","73.5","10.032447358446493"
"4","5","20","981","73.5","10.032447358446493"
"4","5","20","982","73.5","10.032447358446493"
"4","5","20","983","73.5","10.032447358446493"
"4","5","20","984","73.5","10.032447358446493"
"4","5","20","985","73.5","10.032447358446493"
"4","5","20","986","73.5","10.032447358446493"
"4","5","20","987","73.5","10.032447358446493"
"4","5","20","988","73.5","10.032447358446493"
"4","5","20","989","73.5","10.032447358446493"
"4","5","20","990","73.5","10.032447358446493"
"4","5","20","991","73.5","10.032447358446493"
"4","5","20","992","73.5","10.032447358446493"
"4","5","20","993","73.5","10.032447358446493"
"4","5","20","994","73.5","10.032447358446493"
"4","5","20","995","73.5","10.032447358446493"
"4","5","20","996","73.5","10.032447358446493"
"4","5","20","997","73.5","10.032447358446493"
"4","5","20","998","73.5","10.032447358446493"
"4","5","20","999","73.5","10.032447358446493"
"4","5","20","1000","73.5","10.032447358446493"
